name,band,ra,dec,herf_70,herf_100,herf_160,herf_250,herf_350,herf_500,wisevega_1,wisevega_2,wisevega_3,wisevega_4,2mvega_j,2mvega_h,2mvega_k,redshift
HPPSC070A_J035409.4+024930,blue,58.539557,2.825096,185.957,,,,,,11.283,10.226,7.094,4.544,14.189,13.263,12.309,0.036
HPPSC070A_J035022.8-501809,blue,57.595219,-50.302523,153.234,,419.622,,,,10.187,9.355,6.756,4.68,13.279,12.548,11.875,0.035911
HPPSC070A_J082300.9-045605,blue,125.753895,-4.934749,741.422,,1130.327,491.8,226.2,86.2,10.513,9.537,6.656,4.755,13.663,12.896,12.485,0.021815
HPPSC070A_J044347.0+285820,blue,70.945852,28.972174,473.491,,945.539,,,,10.511,9.709,6.726,4.29,13.712,12.754,12.167,0.021655
HPPSC070A_J134952.7+020446,blue,207.469976,2.079438,60.463,,,46,,,11.265,10.5,7.639,5.216,13.671,12.845,11.882,0.0327
HPPSC070A_J052406.9-121009,blue,81.028743,-12.169183,346.946,,257.333,101.2,,,10.038,9.117,6.056,3.615,13.255,12.394,11.516,0.049
HPPSC070A_J193804.4-510949,blue,294.518467,-51.163638,80.083,,271.695,144.1,78,,11.148,10.445,7.908,5.594,14.465,13.75,12.915,0.040018
HPPSC070A_J102531.2+514036,blue,156.380305,51.676676,230.817,295.251,266.052,123.5,48.2,,11.179,10.362,7.688,5.569,14.293,13.474,12.718,0.044944
HPPSC070A_J105115.1-170030,blue,162.812999,-17.008235,446.857,,,,388.9,201,10.906,10.294,7.122,4.56,13.399,12.577,11.928,0.017522
HPPSC070A_J113249.2+101747,blue,173.205389,10.296299,95.691,,175.516,94.5,,,10.651,9.847,7.138,4.893,13.847,13.153,12.169,0.044037
HPPSC070A_J202615.1+071624,blue,306.562953,7.273413,33.976,,,,,,17.58,15.693,10.178,7.311,,,,2.54
HPPSC070A_J112723.4-291528,blue,171.847622,-29.257816,477.069,,,,,,10.92,10.581,6.498,3.858,13.699,12.859,12.366,0.02389
HPPSC070A_J133553.7-341745,blue,203.974109,-34.295823,1177.266,,734.218,244.2,95.6,,8.692,7.768,4.942,2.626,12.207,11.288,10.286,0.007749
HPPSC070A_J213833.5+320506,blue,324.63965,32.085095,416.858,,436.67,202.4,93.2,,10.269,9.443,6.266,3.852,12.856,12.143,11.533,0.0248
HPPSC070A_J132232.5-032841,blue,200.635521,-3.478041,41.511,,71.776,68.9,48.5,,18.004,16.056,10.262,7.154,,,,3.043
HPPSC070A_J184454.0-622152,blue,281.225096,-62.364512,1978.479,,1463.887,558.4,252.3,,8.583,7.711,4.891,2.446,12.337,11.271,10.288,0.014178
HPPSC070A_J083830.6-355933,blue,129.627655,-35.992412,1080.915,,1092.135,,,,9.648,8.683,5.515,2.982,12.879,12.045,11.164,0.031578
HPPSC070A_J065212.4+742536,blue,103.051724,74.426757,1102.992,,778.442,,,,8.409,7.622,5.207,2.818,11.995,10.959,10.042,0.018813
HPPSC070A_J143029.8+133912,blue,217.62454,13.653323,372.381,394.679,300.414,,,,11.67,10.504,7.144,4.156,14.322,13.786,13.171,0.085163
HPPSC070A_J041452.6-075540,blue,63.7193,-7.927726,586.954,,423.204,,,,9.617,8.526,5.438,3.103,12.734,11.924,10.916,0.03816
HPPSC070A_J141348.4+440014,blue,213.451656,44.003768,103.406,119.247,124.574,,44.5,,10.035,8.974,6.411,4.487,13.301,12.497,11.505,0.0896
HPPSC070A_J192114.0-584013,blue,290.308629,-58.670155,509.215,,984.81,,,,8.998,8.13,5.714,3.601,12.667,11.772,10.717,0.037109
HPPSC070A_J064118.0+324932,blue,100.325145,32.825461,87.897,,,,,,11.66,10.551,7.352,4.937,14.923,13.902,13.244,0.047
HPPSC070A_J050545.7-235113,blue,76.440445,-23.853661,184.169,,,90,,,11.66,10.37,6.942,4.567,14.789,13.867,12.818,0.035041
HPPSC070A_J092512.6+521712,blue,141.30282,52.286795,102.409,106.21,104.975,,,,10.391,9.414,6.725,4.714,13.872,13.159,12.252,0.035291
HPPSC070A_J042224.1-561332,blue,65.600735,-56.225455,81.568,,,,,,10.288,9.521,7.23,5.15,13.819,12.778,11.962,0.04353
HPPSC070A_J004847.1+315724,blue,12.196395,31.956698,743.766,695.406,748.92,351.9,,,9.396,8.189,5.077,2.68,12.954,12.304,11.546,0.015034
HPPSC070A_J135303.4+691829,blue,208.2644,69.308025,809.563,,814.936,363.4,144.8,,10.333,9.407,5.87,3.369,12.191,11.221,10.396,0.030451
HPPSC070A_J101420.6-041841,blue,153.58616,-4.311484,164.823,208.732,234.295,126.3,51,,11.183,10.299,7.122,4.686,14.145,13.432,12.651,0.058314
HPPSC070A_J123203.6+200929,blue,188.015388,20.158181,153.759,166.444,210.236,,,,10.918,9.928,6.87,4.305,13.857,13.068,12.145,0.06301
HPPSC070A_J113641.9-600305,blue,174.174575,-60.051457,1135.124,,1309.076,,,,10.488,9.921,6.781,4.184,13.823,12.869,12.214,0.014
HPPSC070A_J183658.2-592408,blue,279.242712,-59.402258,3342.462,,2416.31,911.4,362.8,115.7,8.449,7.419,4.508,2.079,12.014,10.837,9.833,0.020021
HPPSC070A_J232756.7+084644,blue,351.986318,8.7789,3743.445,3875.747,4487.452,1911.4,912.3,388.3,9.272,8.112,4.63,1.895,13.192,12.252,11.059,0.028924
HPPSC070A_J161836.5-592717,blue,244.652385,-59.454782,92.556,,390.906,182,96.5,,10.722,10.035,7.562,5.73,13.604,12.79,12.04,0.034627
HPPSC070A_J115203.4-112223,blue,178.014544,-11.373157,231.452,255.703,271.523,146.6,,,10.995,10.245,7.222,4.593,13.711,13.063,12.233,0.049
HPPSC070A_J200846.8-610559,blue,302.195324,-61.099743,660.313,,,837.1,435.3,194.7,8.693,7.753,5.258,3.275,12.264,11.372,10.435,0.014884
HPPSC070A_J094204.6+234108,blue,145.519537,23.685583,654.238,,557.916,245.5,,,10.964,10.18,6.604,3.863,13.328,12.587,12.06,0.021371
HPPSC070A_J104326.4+110524,blue,160.860243,11.09004,59.642,,,,,,12.597,11.757,8.806,6.23,15.789,15.288,14.424,0.047736
HPPSC070A_J113901.6-374419,blue,174.756883,-37.738475,1776.807,1311.348,,,,,8.38,7.375,4.19,1.545,11.984,11.024,10.014,0.00973
HPPSC070A_J132346.0+610401,blue,200.941759,61.066902,83.09,76.535,80.859,,,,12.327,11.228,7.577,5.011,15.315,14.665,13.898,0.071411
HPPSC070A_J074232.9+494835,blue,115.637109,49.809647,1149.235,,1199.919,544,274.1,130.9,9.183,8.101,5.09,2.642,12.548,11.657,10.68,0.022189
HPPSC070A_J133325.9-340053,blue,203.35829,-34.014774,623.646,,666.266,,,,9.582,8.271,5.204,3.082,13.92,12.941,11.914,0.012412
HPPSC070A_J071403.9+351644,blue,108.516393,35.279023,2427.621,,2186.087,807.9,,,9.499,8.6,5.324,3.024,12.444,11.566,10.878,0.015694
HPPSC070A_J123951.6+345831,blue,189.965179,34.975183,144.291,,380.817,246.8,122.5,,11.451,10.652,7.376,4.882,13.85,12.919,12.46,0.043059
HPPSC070A_J230443.5-084109,blue,346.181458,-8.685707,510.168,,581.33,282,,,9.124,8.253,6.036,3.789,13.14,12.303,11.509,0.04686
HPPSC070A_J205829.8-423633,blue,314.624464,-42.609122,93.353,84.883,,,,,12.928,11.9,8.977,6.601,16.431,15.436,14.406,0.232
HPPSC070A_J190526.0+422739,blue,286.358324,42.46091,154.491,,253.377,157,85.5,,11.577,10.88,7.722,5.068,13.941,13.098,12.409,0.027879
HPPSC070A_J130128.2+275107,blue,195.367523,27.851829,59.022,34.565,59.523,49.5,,,13.131,12.24,9.515,6.98,16.384,15.363,14.379,0.243214
HPPSC070A_J141759.5+250813,blue,214.497926,25.13706,1088.84,,1297.572,562.6,244.9,,9.172,8.366,5.563,3.018,11.777,10.872,10.135,0.017175
HPPSC070A_J115349.2+112830,blue,178.455006,11.474925,20.395,,,,,,12.049,10.925,8.285,6.086,14.876,14.199,13.082,0.176068
HPPSC070A_J024457.6+622807,blue,41.240003,62.468571,551.574,,356.931,173.1,147.2,,8.778,7.628,4.845,2.669,12.788,11.501,10.181,0.044
HPPSC070A_J100420.1+051301,blue,151.083917,5.216867,45.634,37.369,35.686,,,,11.328,10.303,7.816,5.797,15.056,14.191,13.105,0.161076
HPPSC070A_J025223.5-083037,blue,43.097952,-8.510408,338.782,,533.648,,,,10.597,9.659,7.157,4.685,13.286,12.407,11.788,0.016752
HPPSC070A_J173739.0-595627,blue,264.412759,-59.940701,251.412,,,453.7,,,10.018,9.347,6.713,4.522,12.928,11.954,11.546,0.017018
HPPSC070A_J091825.9+161820,blue,139.60816,16.305588,338.317,,311.093,126.4,,,9.35,8.22,5.122,3.039,12.712,11.729,10.701,0.029234
HPPSC070A_J105151.5-005118,blue,162.964628,-0.85509,247.235,231.044,161.381,76,,,11.226,10.109,7.236,4.729,14.691,13.901,12.847,0.3599
HPPSC070A_J150401.1+102617,blue,226.004573,10.438171,452.038,342.801,175.111,,,,10.187,9.162,5.738,3.188,13.036,12.258,11.472,0.036422
HPPSC070A_J113240.2+525702,blue,173.167848,52.950453,380.754,,203.41,,,,10.32,9.461,6.37,4.012,12.871,12.245,11.459,0.026415
HPPSC070A_J030349.2-010614,blue,45.955385,-1.103819,679.017,,463.608,,,,9.695,8.388,5.413,3.008,12.853,12.189,11.126,0.013596
HPPSC070A_J120309.5+443153,blue,180.789958,44.531285,3051.507,3474.1,3021.66,,,,8.871,7.966,4.576,2.162,11.645,10.81,10.018,0.002336
HPPSC070A_J173501.4+570308,blue,263.755957,57.052269,204.746,147.387,84.521,28.8,,,13.041,11.774,7.723,4.619,16.241,16.248,14.756,0.047235
HPPSC070A_J143452.4+483943,blue,218.718341,48.661973,97.954,,155.224,77.9,,,11.906,11.352,8.039,5.563,13.678,13.012,12.457,0.036222
HPPSC070A_J104931.0+225752,blue,162.37919,22.964422,117.422,,137.043,52.9,,,10.985,10.036,6.821,4.335,13.873,13.136,12.735,0.032756
HPPSC070A_J163831.0-205525,blue,249.629191,-20.923577,772.366,,668.725,256.4,,,9.975,8.914,5.559,3.041,13.601,12.669,11.757,0.026372
HPPSC070A_J144009.5+491107,blue,220.039919,49.185148,126.999,173.693,172.329,99.6,,,12.974,11.758,8.67,6.262,15.751,15.186,14.117,0.146825
HPPSC070A_J083454.7+553423,blue,128.727933,55.573012,36.73,41.422,,,,,13.717,13.428,10.519,6.79,16.366,15.263,14.18,0.242
HPPSC070A_J001030.8+105829,blue,2.628542,10.974672,209.746,233.754,235.428,190.4,165.1,149.6,10.343,9.421,6.891,4.435,13.87,13.031,11.787,0.089338
HPPSC070A_J051611.3-000859,blue,79.047406,-0.149806,627.833,,1012,489.1,,,8.627,7.74,5.369,3.483,12.048,11.207,10.221,0.032713
HPPSC070A_J174317.4+625022,blue,265.822539,62.839443,110.323,,323.279,,,,11.878,11.157,8.295,5.864,14.6,13.697,12.856,0.032999
HPPSC070A_J213227.8+100821,blue,323.116148,10.139123,470.77,453.064,367.152,177.2,91.3,,9.542,8.523,5.777,3.499,12.837,11.748,10.669,0.062977
HPPSC070A_J182419.3-562209,blue,276.08067,-56.369061,486.039,,,,,,10.55,9.646,6.537,3.914,13.343,12.632,12.026,0.016905
HPPSC070A_J121044.2+382011,blue,182.684399,38.336356,198.994,,,,,,9.964,9.195,6.751,4.536,13.028,12.2,11.495,0.022792
HPPSC070A_J003621.0+453954,blue,9.087482,45.664879,155.985,,181.677,113.2,,,10.572,9.807,7.203,4.938,13.878,12.921,12.088,0.047643
HPPSC070A_J161151.4-603754,blue,242.964496,-60.631757,205.37,,,,,,10.116,9.392,7.003,4.529,13.348,12.443,11.655,0.015637
HPPSC070A_J123536.5-395433,blue,188.902341,-39.909154,3681.118,,2172.839,833.1,,241.2,8.647,7.567,4.405,1.891,12.114,11.307,10.384,0.011801
HPPSC070A_J124125.7-575003,blue,190.357307,-57.834285,554.031,,879.874,327.6,112,,10.345,9.496,6.494,3.955,13.561,12.586,11.766,0.02443
HPPSC070A_J142906.4+011706,blue,217.277006,1.285085,301.399,349.72,317.539,167.9,67.2,,10.074,9.132,6.31,4.024,13.039,12.151,11.117,0.08657
HPPSC070A_J095155.0-064924,blue,147.979358,-6.823197,378.448,,,534.4,310.6,166.1,10.591,10.224,7.309,4.813,13.079,12.459,11.953,0.014523
HPPSC070A_J151933.8+653558,blue,229.890904,65.599354,337.954,,745.991,342.6,138.2,,10.905,10.056,6.959,4.527,13.481,12.668,12.263,0.044
HPPSC070A_J014357.6+022059,blue,25.990382,2.349759,1019.488,932.334,855.278,346.6,166.1,,10.024,8.891,5.242,2.688,12.832,12.023,11.453,0.017179
HPPSC070A_J045325.6+040342,blue,73.356832,4.061655,641.101,,614.151,259.3,136.7,,9.619,8.363,5.243,2.925,13.132,12.236,11.493,0.02939
HPPSC070A_J174155.2-121157,blue,265.480307,-12.199147,570.43,,633.128,,,,9.79,8.894,6.113,3.779,13.416,12.363,11.287,0.037
HPPSC070A_J172323.2+363010,blue,260.846759,36.502653,102.17,,,,,,10.192,9.249,6.491,4.331,13.605,12.672,11.705,0.04
HPPSC070A_J163225.2+411824,blue,248.105058,41.306644,12.12,,,40.1,25.4,,17.214,14.909,10.61,8.486,,,,1.593
HPPSC070A_J074729.1+605600,blue,116.871452,60.933464,304.641,,,,,,10.654,9.936,6.943,4.326,13.335,12.842,12.207,0.029255
HPPSC070A_J005056.3+511203,blue,12.734862,51.200928,33.613,,,,,,13.568,12.115,9.091,6.873,16.853,16.367,15.653,0.936
HPPSC070A_J092603.2+124404,blue,141.51362,12.734318,691.815,827.193,872.3,412.4,194.9,83,10.358,9.431,6.159,3.795,12.86,12.123,11.305,0.02915
HPPSC070A_J052101.3-252144,blue,80.255725,-25.362206,13631.51,11462.733,6163.154,2132.5,775.8,234.2,8.649,7.524,4.31,1.264,13.112,11.86,10.569,0.042563
HPPSC070A_J062658.5-370558,blue,96.74405,-37.099574,216.043,,434.382,246.1,113.7,,11.569,10.716,7.411,5.186,14.488,13.553,12.82,0.038517
HPPSC070A_J114429.9+365308,blue,176.124719,36.885591,51.668,,,,,,11.565,11.004,8.368,6.037,13.758,13.119,12.557,0.03806
HPPSC070A_J212352.6-404149,blue,320.969279,-40.697006,170.548,,429.144,,,,11.199,10.08,7.398,5.913,14.829,14.038,13.814,0.016902
HPPSC070A_J204409.7-104325,blue,311.040593,-10.723679,1515.766,,1166.651,407,154.7,,8.744,7.854,5.183,2.793,12.001,11.122,10.194,0.034397
HPPSC070A_J130626.0-402452,blue,196.608372,-40.414411,6814.312,,7087.189,2857.6,1131.8,398.1,8.01,7.182,4.458,2.178,11.51,10.497,9.449,0.015014
HPPSC070A_J133440.6-232645,blue,203.66934,-23.445715,150.627,,,,,,12.145,11.834,8.448,5.024,14.579,13.844,13.454,0.033223
HPPSC070A_J200657.8-343254,blue,301.741024,-34.548354,469.719,,1182.067,614.3,309.6,,10.002,9.157,6.522,4.438,13.248,12.331,11.635,0.02495
HPPSC070A_J034203.6-211439,blue,55.51529,-21.244191,536.022,,1556.446,696.6,,,8.718,8.007,6.014,4.175,11.984,11.31,10.535,0.01448
HPPSC070A_J114540.5-182716,blue,176.41876,-18.454323,214.85,,,152.9,65.9,,10.333,9.454,6.664,4.497,13.478,12.776,12.009,0.032949
HPPSC070A_J092046.2-080322,blue,140.192685,-8.05621,583.448,,737.383,387.6,230.5,117.3,10.959,9.825,6.353,3.501,14.157,13.313,12.738,0.019644
HPPSC070A_J122138.0+043025,blue,185.408711,4.506886,45.487,50.436,65.257,,,,13.069,12.072,8.81,6.326,15.533,14.983,14.429,0.094
HPPSC070A_J030004.5-104928,blue,45.018771,-10.824553,125.256,,,,,,10.378,9.589,7.226,4.867,13.969,13.123,12.408,0.032589
HPPSC070A_J062346.3-321259,blue,95.943272,-32.216481,205.316,,,,,,10.547,9.747,6.586,4.031,13.384,12.67,12.115,0.022429
HPPSC070A_J122324.1+024045,blue,185.85064,2.679155,31.768,,146.619,59.9,,,11.259,10.525,8.022,6.233,14.106,13.607,12.931,0.023433
HPPSC070A_J165242.3-144652,blue,253.176297,-14.781131,1072.659,,,813.9,,,11.74,11.492,7.709,5.447,15.007,13.863,13.071,0.025894
HPPSC070A_J063247.2+634026,blue,98.196832,63.673806,1003.229,,2317.697,,,,9.781,9.097,6.28,3.76,12.941,11.997,11.235,0.012769
HPPSC070A_J233355.2-234341,blue,353.480095,-23.728144,142.882,,320.868,,,,11.027,10.168,7.547,5.314,14.589,13.795,13.133,0.0477
HPPSC070A_J134112.8-143840,blue,205.303696,-14.644508,140.725,,,127.4,83.4,,10.22,9.296,6.35,4.117,13.244,12.383,11.388,0.04179
HPPSC070A_J103152.0-345114,blue,157.966845,-34.853853,7119.913,7133.054,5162.893,1953,782,,9.017,7.553,4.189,1.484,13.142,12.148,11.289,0.010674
HPPSC070A_J111830.4+402553,blue,169.626982,40.43149,171.892,252.651,286.165,,,,11.345,10.436,7.808,5.574,14.66,13.798,12.763,0.154338
HPPSC070A_J024134.9+071114,blue,40.395583,7.187108,403.547,,478.967,229.3,94.7,,10.706,10.106,7.279,4.751,12.976,12.29,11.578,0.026982
HPPSC070A_J213553.9+472820,blue,323.974748,47.472328,472.891,,628.139,339.8,,,10.497,9.584,6.471,4.033,13.783,12.712,12.001,0.025
HPPSC070A_J125305.9-031258,blue,193.27483,-3.216239,562.198,411.263,220.038,96.1,,,12.373,10.769,6.12,3.37,15.618,15.355,14.269,0.022706
HPPSC070A_J043236.5+413829,blue,68.152302,41.641391,25.088,,,,,,14.163,13.199,10.135,7.435,15.957,15.177,15.017,1.023
HPPSC070A_J223646.5-123243,blue,339.194048,-12.545243,427.296,,523.205,229.8,119.2,,10.426,9.78,6.573,3.887,13.366,12.502,11.647,0.024109
HPPSC070A_J221712.3+141421,blue,334.301448,14.239089,66.634,78.667,95.85,59.4,,,9.774,8.868,6.626,4.707,13.277,12.353,11.341,0.065762
HPPSC070A_J020616.1-001729,blue,31.567231,-0.291441,77.323,,,,,,10.169,9.38,6.969,4.983,13.219,12.366,11.62,0.042436
HPPSC070A_J152114.2+222744,blue,230.309311,22.462349,83.11,91.302,82.822,41.1,,,11.01,10.007,7.379,5.254,14.6,13.586,12.474,0.137
HPPSC070A_J055453.5+462622,blue,88.723253,46.439412,2139.509,,1062.156,477.5,,,8.356,7.336,4.39,1.756,12.334,11.288,10.237,0.020484
HPPSC070A_J151159.9-211902,blue,227.999767,-21.317251,1831.791,,1508.168,629.5,,,9.692,8.777,5.87,3.201,12.781,11.909,10.973,0.044607
HPPSC070A_J072626.2-355423,blue,111.609489,-35.906323,961.87,,549.671,,,,9.941,8.89,5.272,2.606,13.088,12.233,11.698,0.029404
HPPSC070A_J011351.1+131619,blue,18.463268,13.271976,736.227,,1093.469,514.8,,,9.862,8.893,5.889,3.548,13.814,12.89,11.717,0.049634
HPPSC070A_J033424.5-151340,blue,53.602263,-15.227833,550.127,,849.064,,,,11.354,10.662,7.188,4.776,13.859,13.061,12.42,0.034938
HPPSC070A_J164610.2-112403,blue,251.542506,-11.400891,891.089,,,,,,9.42,8.228,5.175,2.731,13.576,12.328,11.102,0.074028
HPPSC070A_J154824.8-134527,blue,237.103579,-13.757426,4069.101,,4767.088,1979.1,872.4,336.2,8.568,7.696,4.791,2.481,12.113,11.167,10.261,0.025194
HPPSC070A_J134735.7-603703,blue,206.898928,-60.61757,1947.437,,1509.079,,,,9.219,8.147,5.2,2.716,14.027,12.348,11.14,0.012879
HPPSC070A_J124635.2+022209,blue,191.646926,2.369204,193.395,172.474,115.776,54.3,,,11.64,10.588,7.221,4.661,14.829,14.025,13.191,0.048178
HPPSC070A_J145108.7+270926,blue,222.786567,27.157318,161.563,176.095,142.58,,,,11.093,10.144,7.121,4.638,13.644,12.882,12.054,0.065
HPPSC070A_J165218.9+555420,blue,253.078936,55.905558,480.144,,658.443,342.1,178.7,82.2,10.751,9.959,7.202,4.755,12.992,12.207,11.939,0.02915
HPPSC070A_J202655.8-021640,blue,306.732774,-2.277659,1057.983,,1147.899,472.6,202.9,,9.579,8.453,4.972,2.477,11.915,12.263,11.159,0.029143
HPPSC070A_J213202.2-334254,blue,323.009233,-33.714954,82.664,,,,,,11.476,10.58,7.176,4.586,13.618,12.873,12.008,0.029974
HPPSC070A_J074009.9-234958,blue,115.041461,-23.832851,218.494,,,,,,10.905,9.508,6.206,3.747,16.316,14.698,13.034,0.292
HPPSC070A_J153552.4+575409,blue,233.968662,57.902514,170.383,167.963,124.895,50.8,,,10.434,9.505,6.568,4.114,13.609,12.906,12.181,0.029577
HPPSC070A_J051621.2-103341,blue,79.088315,-10.561513,297.141,,497.425,264.5,151.5,,10.406,9.445,6.401,4.213,13.189,12.208,11.236,0.028453
HPPSC070A_J131639.7+445235,blue,199.165438,44.876411,748.791,794.42,627.429,285.8,112,,10.013,8.861,5.656,3.239,14.508,13.245,11.878,0.0905
HPPSC070A_J185707.7-782820,blue,284.282411,-78.472271,365.328,,367.809,,,,10.033,9.14,6.465,4.132,13.297,12.289,11.363,0.042
HPPSC070A_J143622.0+584740,blue,219.091877,58.794406,2102.292,,1581.219,614.2,256.9,,9.197,8.266,5.159,2.377,12.852,11.931,10.904,0.031455
HPPSC070A_J120429.7+201858,blue,181.123813,20.316129,372.813,,494.03,,,,10.475,9.735,6.492,4.02,13.052,12.125,11.406,0.022445
HPPSC070A_J193733.0-061304,blue,294.387682,-6.217862,1953.881,,3572.886,1354,611.5,232.4,9.108,8.279,4.83,2.393,12.673,11.598,10.721,0.010254
HPPSC070A_J034512.6-393429,blue,56.302536,-39.574769,144.393,,227.701,,,,10.059,9.174,6.609,4.651,13.219,12.195,11.233,0.042783
HPPSC070A_J055211.3-072723,blue,88.047085,-7.456316,4524,5021.382,4265.292,,,,8.236,7.455,4.83,2.556,11.93,11.066,10.149,0.007789
HPPSC070A_J080158.0-494641,blue,120.491655,-49.778181,890.08,,1862.703,925.5,435.1,,9.528,8.605,5.637,3.226,12.983,11.971,10.881,0.040495
HPPSC070A_J123351.4-210345,blue,188.464345,-21.062516,355.473,,271.235,,,,11.374,10.479,7.151,4.535,14.186,13.43,12.794,0.023036
HPPSC070A_J055802.0-382004,blue,89.508492,-38.334346,249.357,,,,,,8.633,7.438,4.822,2.91,12.335,11.262,9.993,0.03387
HPPSC070A_J015249.1-032649,blue,28.20479,-3.446984,1373.838,,,1745.2,922.7,451.1,9.991,9.35,6.427,4.141,13.639,12.556,11.731,0.017197
HPPSC070A_J121709.9+071129,blue,184.291587,7.191294,366.776,524.538,706.081,388.4,194,,9.498,9.158,7.084,5.029,12.492,11.732,10.998,0.008039
HPPSC070A_J051935.7-323928,blue,79.899142,-32.657667,1342.37,,1613.717,652.8,300,109.5,9.87,9.184,5.669,3.113,12.459,11.695,11.014,0.012445
HPPSC070A_J110101.8+110248,blue,165.257793,11.046767,44.772,,,,,,12.116,11.608,9.083,6.677,14.05,13.251,12.368,0.035645
HPPSC070A_J173728.4-290803,blue,264.368487,-29.134073,465.358,,,,,,9.365,8.589,6.014,3.45,13.633,12.257,11.187,0.0214
HPPSC070A_J043311.0+052116,blue,68.296146,5.354362,1289.996,,1383.904,696.7,495.4,456.5,9.284,8.27,5.349,2.883,12.667,11.712,10.578,0.03301
HPPSC070A_J125742.4+270718,blue,194.426965,27.121662,23.421,,,,,,14.079,13.101,10.224,7.498,17.091,15.891,15.63,0.071
HPPSC070A_J142258.0+193323,blue,215.741982,19.556445,31.1,29.499,,,,,14.894,13.732,10.545,7.805,17.154,15.992,15.622,1.6033
HPPSC070A_J140621.9+222346,blue,211.5914,22.396106,47.883,66.43,94.8,59.7,,,11.823,10.879,8.148,6.036,14.801,14.037,13.111,0.098
HPPSC070A_J112916.7-042408,blue,172.319924,-4.402183,538.972,563.069,439.614,197.6,80.5,,9.861,8.926,6.089,3.706,13.166,12.194,11.168,0.06196
HPPSC070A_J231856.7+001439,blue,349.73643,0.24411,1260.547,,2346.102,1205.2,560,207.8,8.242,7.341,4.963,3.356,12.003,11.187,10.155,0.029524
HPPSC070A_J171914.5+485850,blue,259.81061,48.980555,106.971,,,,,,10.976,10.356,7.507,5.078,12.863,11.935,11.502,0.024167
HPPSC070A_J102254.3+390933,blue,155.72626,39.159281,31.355,,64.908,,,,14.633,14.029,10.25,8.094,16.692,16.065,15.246,0.146451
HPPSC070A_J042340.7+040802,blue,65.919694,4.133923,508.857,,501.844,215.1,104.1,,10.911,9.66,6.582,3.971,15.407,14.191,12.87,0.045
HPPSC070A_J133439.5-232647,blue,203.664749,-23.446298,804.632,,1370.248,574.2,,,11.052,10.324,6.341,3.59,13.591,12.851,12.211,0.034307
HPPSC070A_J112147.1+114419,blue,170.446497,11.738515,394.805,375.337,290.176,,,,10.655,9.603,6.269,3.835,13.555,12.853,12.1,0.050201
HPPSC070A_J125850.8+523913,blue,194.71165,52.653517,83.503,88.379,,95.7,56.3,,12.331,11.489,7.618,4.849,14.67,14.069,13.58,0.055195
HPPSC070A_J151921.9+653439,blue,229.841641,65.577501,493.977,,561.93,258.9,118.4,,12.029,10.976,6.95,4.209,14.343,13.676,13.184,0.0444
HPPSC070A_J123906.2-161046,blue,189.775918,-16.179554,323.977,,552.658,289.6,,,11.086,10.293,7.092,4.711,13.863,13.098,12.361,0.036675
HPPSC070A_J043622.2-102233,blue,69.092661,-10.375955,2669.538,,2606.533,1101.5,,,9.543,8.397,5.102,2.711,13.202,12.126,11.004,0.03555
HPPSC070A_J115245.6+101624,blue,178.190074,10.273226,142.945,117.637,67.102,,,,12.527,11.285,7.401,4.6,14.91,14.303,13.729,0.069897
HPPSC070A_J022224.4+422138,blue,35.601838,42.360673,22.698,47.22,101.412,,,,14.399,13.07,10.235,7.707,,,,1.181
HPPSC070A_J130905.5+113804,blue,197.273237,11.634322,197.11,,,,,,10.491,9.528,6.856,4.614,13.243,12.535,12.177,0.025137
HPPSC070A_J131305.7-110743,blue,198.274145,-11.128561,95.439,115.189,115.858,60.6,,,11.166,10.002,6.739,4.453,14.022,13.355,12.548,0.034267
HPPSC070A_J010645.3+063801,blue,16.68907,6.633537,159.66,,,,,,11.957,11.032,7.163,4.532,14.426,13.716,13.217,0.041
HPPSC070A_J130413.0-053305,blue,196.054529,-5.551396,926.31,1022.139,908.536,558,308.9,,9.745,9.375,6.344,3.604,12.301,11.607,11.268,0.003696
HPPSC070A_J212439.3+505826,blue,321.163763,50.973935,231.414,,,,,,9.567,8.679,6.31,4.143,13.273,12.38,11.368,0.02
HPPSC070A_J200055.7-181028,blue,300.232374,-18.174334,892.687,,659.005,253.3,112.2,,9.284,8.116,5.163,2.904,12.869,11.659,10.484,0.037119
HPPSC070A_J123854.6-271828,blue,189.727619,-27.307881,463.504,,1020.324,606.1,323.7,149.7,10.094,9.011,5.97,3.779,13.091,12.154,11.332,0.025024
HPPSC070A_J121417.7+140312,blue,183.573915,14.053329,123.907,71.812,,,,,9.928,8.809,5.987,3.721,13.152,12.3,11.292,0.0809
HPPSC070A_J162839.1+393311,blue,247.163235,39.552975,79.877,139.356,138.743,66.9,,,,,,,13.694,12.867,12.678,0.027032
HPPSC070A_J064011.6-255343,blue,100.04858,-25.895409,1986.573,,1498.965,,,,9.669,8.921,5.745,2.956,12.71,11.702,10.913,0.02485
HPPSC070A_J052627.2-211712,blue,81.613517,-21.286761,121.346,,,,,,11.257,10.547,7.438,4.619,13.799,13.1,12.687,0.027756
HPPSC070A_J153638.4+543331,blue,234.16002,54.558655,60.235,63.234,92.351,,,,10.168,9.289,6.946,5.022,13.531,12.588,11.636,0.038934
HPPSC070A_J041821.4+380136,blue,64.589427,38.026744,281.208,,560.17,,,,9.897,8.996,6.628,4.472,14.269,13.03,11.937,0.0485
HPPSC070A_J022814.6+311841,blue,37.06089,31.31132,1446.897,,,,,,8.924,7.807,4.68,2.343,12.919,11.917,11.132,0.016652
HPPSC070A_J081058.4+760244,blue,122.743429,76.045568,121.228,79.58,40.265,,,,9.211,8.234,5.928,3.964,12.976,12.088,10.917,0.1
HPPSC070A_J232721.9+152437,blue,351.84158,15.410265,143.894,,222.055,,,,10.972,10.358,7.648,5.185,13.207,12.464,11.821,0.045717
HPPSC070A_J144207.4+352623,blue,220.531018,35.439843,741.565,860.95,614.747,258.4,111.4,,9.857,8.981,6.477,4.088,12.936,12.001,11.06,0.079055
HPPSC070A_J062345.8-605844,blue,95.940841,-60.978908,60.527,,,,,,11.575,11.105,8.375,5.877,13.894,13.212,12.844,0.040521
HPPSC070A_J084444.9+765310,blue,131.18744,76.886172,155.906,176.782,192.204,118.6,53.2,,11.556,10.649,7.698,5.114,15.056,14.259,13.158,0.131
HPPSC070A_J111857.7+580324,blue,169.740742,58.05661,48.932,68.766,70.629,50.7,,,12.178,11.436,8.318,6.223,14.3,13.715,13.167,0.027872
HPPSC070A_J132224.3-164341,blue,200.601363,-16.728152,4907.669,4238.876,2981.586,1073.5,393,,9.383,7.952,4.054,1.406,12.341,11.568,10.877,0.016541
HPPSC070A_J023437.9-084716,blue,38.658177,-8.787716,1196.967,,1450.283,,,,9.757,8.806,5.636,3.081,12.735,11.8,10.989,0.043143
HPPSC070A_J134356.7+253848,blue,205.986488,25.646544,61.166,58.378,74.909,48.3,,,11.633,10.762,8.034,5.629,14.768,13.902,13.094,0.086556
HPPSC070A_J225932.9+245506,blue,344.887348,24.918389,381.238,,239.153,111.4,,,10.702,9.729,6.707,4.288,13.928,13.087,12.334,0.0345
HPPSC070A_J092547.4+692753,blue,141.447583,69.464631,94.175,,,,,,10.614,9.672,7.088,5.039,14.24,13.126,12.353,0.039
HPPSC070A_J150556.5+034226,blue,226.48558,3.707295,305.597,,600.712,357.2,190.6,,10.525,9.752,6.602,4.035,13.563,12.678,12.07,0.036135
HPPSC070A_J140516.2+255534,blue,211.317597,25.926243,250.756,248.232,145.179,68,,,10.51,9.455,6.822,4.652,14.41,13.379,12.168,0.164
HPPSC070A_J160305.3-401825,blue,240.772346,-40.307044,1038.215,993.193,878.49,554.2,311.4,125.8,7.592,6.864,4.492,2.345,9.728,8.958,8.496,0.027095
HPPSC070A_J210909.9-094015,blue,317.291387,-9.670861,307.344,,252.295,121.1,,,9.789,8.784,5.905,3.686,12.866,11.949,10.924,0.026515
HPPSC070A_J123136.9-475801,blue,187.904137,-47.967062,1254.798,,1739.59,746,315.7,107.2,10.476,9.655,6.269,3.785,13.117,12.334,11.99,0.027896
HPPSC070A_J151503.1+420300,blue,228.763312,42.049985,839.284,,,1731,,,9.93,9.652,6.602,4.02,12.473,11.456,10.954,0.008546
HPPSC070A_J220907.7-274833,blue,332.282124,-27.809288,623.769,,,,,370.3,9.901,9.252,6.292,3.73,12.952,12.091,11.3,0.023128
